{
    "zone1":

        [
            [59.908288601908666, 30.318572569788557],
            [59.77669904502801, 30.32654409498082],
            [59.64804370805394, 30.357443142832388],
            [59.634833584990446, 30.556570340098016],
            [59.7320489846671, 30.669180203379263],
            [59.7971634739759, 30.600515652597995],
            [59.88873102506698, 30.441213894785502],
            [59.90701422139233, 30.418897915781592],
            [59.91701396084068, 30.401731778086283],
            [59.91804824415316, 30.39486532300817],
            [59.91287650418014, 30.367742825449582],
            [59.914083315826794, 30.352636624277707],
            [59.91460050734222, 30.34130697339878]
        ],

    "zone2":

        [
            [59.908094339735705, 30.318355588912937],
            [59.90867628495056, 30.22316935539242],
            [59.87011647164138, 30.16531947135922],
            [59.853367364773284, 30.10970118522642],
            [59.8512947220948, 30.067815809249847],
            [59.854230927659856, 30.020093946456868],
            [59.86113862124147, 29.991254835128764],
            [59.869425954093614, 29.97271540641781],
            [59.87494969164416, 29.939069776535],
            [59.88381402501415, 29.88399752751049],
            [59.89054303452964, 29.879191008955786],
            [59.89261322394558, 29.8633981622761],
            [59.89416578107148, 29.848291961104223],
            [59.89968539461339, 29.82322940006907],
            [59.90434185275137, 29.816362944990956],
            [59.91003218978038, 29.79473361149486],
            [59.917617783827566, 29.781000701338606],
            [59.924339924591436, 29.745981780440175],
            [59.934851302729186, 29.66495761051828],
            [59.934851302729186, 29.635088530928446],
            [59.90848037672129, 29.59800967350658],
            [59.87432207237516, 29.620668975264383],
            [59.82458537901116, 29.705197123596914],
            [59.791378762832046, 29.758755473206303],
            [59.78186033428346, 29.864842204163327],
            [59.766971511449086, 29.946553019593008],
            [59.74150657933141, 29.997021464417234],
            [59.70162439790013, 30.001827982971914],
            [59.66794753782428, 30.089718607971925],
            [59.648011856048726, 30.35699537188793],
            [59.77627360677424, 30.32482680700473]
        ]
    ,
    "zone3":
        [
            [59.90874745866348, 30.31862770319615],
            [59.90952336802745, 30.3224900841776],
            [59.91553604872161, 30.33905540705357],
            [59.916333347252, 30.34562145472203],
            [59.91555759758322, 30.350170481211286],
            [59.91471718157951, 30.355706560618042],
            [59.9138551942686, 30.36261593104039],
            [59.914544785914124, 30.372443544870958],
            [59.91562224408377, 30.377636301523793],
            [59.91981557782248, 30.39916703351402],
            [59.92405816149648, 30.395320482142864],
            [59.928345003702184, 30.3922305773577],
            [59.93222207073628, 30.395921296962204],
            [59.93969491140662, 30.401199884303512],
            [59.947101477877574, 30.402573175319134],
            [59.95220329186365, 30.40214402187674],
            [59.9574485591425, 30.38607960130405],
            [59.9555761302588, 30.381616405503262],
            [59.950862304829634, 30.365566066758156],
            [59.951056036937885, 30.358442119614597],
            [59.95121368993845, 30.34591991005513],
            [59.94514762099082, 30.31704728141632],
            [59.944480197372876, 30.313356561811815],
            [59.9462456111577, 30.304601831587213],
            [59.9463747840726, 30.295246286543275],
            [59.94796787516678, 30.286834879072565],
            [59.94994836778995, 30.281856699140913],
            [59.95115382690992, 30.2775651647171],
            [59.954683847007196, 30.26932541862334],
            [59.957740023097436, 30.256879968794234],
            [59.95928952546023, 30.24769608512724],
            [59.963419902754424, 30.2212856335815],
            [59.95816917393446, 30.200943760412553],
            [59.960758212082176, 30.195362762500007],
            [59.91788746851954, 30.191458261511052],
            [59.90930445666407, 30.23079541605341],
            [59.90883028885551, 30.265385183509476]
        ],
    "zone4":
        [
            [59.92648732870698, 30.401182368143157],
            [59.91959325509409, 30.409765436990813],
            [59.91235293093064, 30.417318537576737],
            [59.9046799059465, 30.43465633664902],
            [59.89829873261355, 30.443754389627514],
            [59.886481691327816, 30.44941921506698],
            [59.86982716996747, 30.47740001951035],
            [59.86387093101067, 30.489587977274006],
            [59.853250632784466, 30.5050375011998],
            [59.84400906967036, 30.521860316141193],
            [59.8607629031575, 30.549326136453697],
            [59.88496504486941, 30.559472199750825],
            [59.914034781722364, 30.54649362092797],
            [59.962977111802985, 30.569095610372404],
            [59.98147737054285, 30.538711546651705],
            [59.9957541983283, 30.51330566286263],
            [60.026351141925055, 30.4808616626185],
            [60.033910052980694, 30.419750212423185],
            [59.984918135150615, 30.366878508321633],
            [59.98388594344744, 30.336322783223963],
            [59.95393833246821, 30.343875883809915],
            [59.9523885790232, 30.36052703737436],
            [59.95359394909751, 30.371685026876314],
            [59.95850107315894, 30.383358000509133],
            [59.95850107315894, 30.398120878927088],
            [59.95419661763988, 30.407562254659503],
            [59.94859998670598, 30.40790557741342],
            [59.93542263531355, 30.40309905885874],
            [59.9287889085061, 30.399494169942713]
        ],
    "zone5":
        [
            [59.95108960575772, 30.341794863495394],
            [59.97011262498742, 30.336301699432905],
            [59.97794254013171, 30.325487032684844],
            [59.98052342370874, 30.326517000946573],
            [59.984308354474074, 30.334585085663363],
            [59.98551255956876, 30.36325253561452],
            [60.035210546411186, 30.419146954112918],
            [60.05427115561059, 30.313060223155894],
            [60.05461448877045, 30.15925162940589],
            [60.115744688286185, 30.042502088854658],
            [60.15684211087511, 29.94637171776091],
            [60.18044981102113, 29.901053114245283],
            [60.20404049587222, 29.774023695299974],
            [60.204382264810725, 29.59686915428436],
            [60.166081933515265, 29.631201429674977],
            [60.071175653093604, 29.82432557320657],
            [60.013817521983114, 29.892598937757786],
            [59.963590754676986, 30.064946960218723],
            [59.96290218563592, 30.18785650611714],
            [59.96152500447357, 30.240728210218716],
            [59.9484389182997, 30.287591766126912],
            [59.945941641801525, 30.31059439063863],
            [59.94998885704881, 30.338575195082004]
        ],